nom,age,salaire,ville
Jean,-1.158648244043315,-1.310556084991557,Paris
Marie,0.9931270663228415,0.0873704056661038,Lyon
Pierre,-0.827605888602368,-0.26211121699831136,Marseille
Alice,0.9931270663228415,1.4852968963237645,Nice
